id,collection_id,material_id,denomination_id,condition,year_created,length,width,description,link,numeric_value,extra_year,units
9ef8c304-db2f-438a-9622-5b12d0206909,d7717171-7fbd-45ad-887b-15874b0a0287,5dcaf339-a641-43d0-9eca-86051a601f5c,08c0f8ac-ee32-459a-bed3-39f05ee86b32,VERY_GOOD,1945,90,65,rupta in partea stanga sus (fata),https://en.numista.com/catalogue/note201757.html,100,,1
5cfb54a2-cf50-4fdf-a2ef-e3695887008b,d7717171-7fbd-45ad-887b-15874b0a0287,5dcaf339-a641-43d0-9eca-86051a601f5c,08c0f8ac-ee32-459a-bed3-39f05ee86b32,VERY_GOOD,1945,166,91,,https://en.numista.com/catalogue/note206915.html,5000,,1
91cea362-b441-44a8-ac86-214f7cee11e3,d7717171-7fbd-45ad-887b-15874b0a0287,5dcaf339-a641-43d0-9eca-86051a601f5c,08c0f8ac-ee32-459a-bed3-39f05ee86b32,VERY_GOOD,1946,194,107,,https://en.numista.com/catalogue/note205757.html,10000,,1
df0cb832-5d37-4771-b186-8d905eab6dc1,d7717171-7fbd-45ad-887b-15874b0a0287,5dcaf339-a641-43d0-9eca-86051a601f5c,08c0f8ac-ee32-459a-bed3-39f05ee86b32,VERY_GOOD,1943,201,113,,https://en.numista.com/catalogue/note205764.html,2000,,1
5b7ad436-03e4-4309-a82e-5e77baceba64,d7717171-7fbd-45ad-887b-15874b0a0287,5dcaf339-a641-43d0-9eca-86051a601f5c,44cde2c2-d3c2-470b-ada3-864ac55f5584,VERY_GOOD,1991,141,68,,https://en.numista.com/catalogue/note213751.html,20000,,1
bfd2fef8-2d97-4e77-a8c8-f5f17cc10b71,d7717171-7fbd-45ad-887b-15874b0a0287,5dcaf339-a641-43d0-9eca-86051a601f5c,5538d3c1-dcd3-4e9d-a76c-b32ce5851de8,VERY_GOOD,1984,137,69,rupta stanga jos (fata),https://en.numista.com/catalogue/note203235.html,100,,1
993add5f-c87c-4a20-a63e-d3919d50843a,d7717171-7fbd-45ad-887b-15874b0a0287,5dcaf339-a641-43d0-9eca-86051a601f5c,13bc64de-13c6-4dc5-8387-7e12001b476c,VERY_GOOD,2009,130,64,,https://en.numista.com/catalogue/note206382.html,5,,1
e019e903-cf70-4af2-8f1c-cddf3c1930d7,d7717171-7fbd-45ad-887b-15874b0a0287,5dcaf339-a641-43d0-9eca-86051a601f5c,433274c2-725d-4629-9f35-2de2951b2592,VERY_GOOD,2013,131,62,,https://en.numista.com/catalogue/note204324.html,10,,1
d69da225-b41d-4de3-a92d-59a71c679ab5,d7717171-7fbd-45ad-887b-15874b0a0287,5dcaf339-a641-43d0-9eca-86051a601f5c,1c18794c-cc76-4009-8bb8-6dd8f8a06088,VERY_GOOD,1972,125,70,muscata drepta sus (fata) si murdara,https://en.numista.com/catalogue/note212486.html,10,,1
bbb38116-3020-42d5-952b-092e0922ecda,d7717171-7fbd-45ad-887b-15874b0a0287,5dcaf339-a641-43d0-9eca-86051a601f5c,d0993a85-c627-4ffa-ba68-28dba2e5d992,VERY_GOOD,2009,142,75,cerneala sntaga jos (fata),https://en.numista.com/catalogue/note202753.html,10,,1
a9790e8e-1764-4cf7-99e5-d8c8c869a14a,d7717171-7fbd-45ad-887b-15874b0a0287,5dcaf339-a641-43d0-9eca-86051a601f5c,13bc64de-13c6-4dc5-8387-7e12001b476c,VERY_GOOD,1985,126,70,pasta de pix pe fata si pe spate,https://en.numista.com/catalogue/note202451.html,5000,,1
050138d3-6adf-40f9-90e8-911181d34219,d7717171-7fbd-45ad-887b-15874b0a0287,5dcaf339-a641-43d0-9eca-86051a601f5c,d92d3021-8806-4925-bfc9-55c9d934df0f,VERY_GOOD,1994,120,60,,https://en.numista.com/catalogue/note202134.html,10,,1
bd7da86b-5bcb-4e7d-a719-b5ebfe3b4d3a,d7717171-7fbd-45ad-887b-15874b0a0287,5dcaf339-a641-43d0-9eca-86051a601f5c,1c18794c-cc76-4009-8bb8-6dd8f8a06088,VERY_GOOD,1997,140,69,,https://en.numista.com/catalogue/note202675.html,100,,1
e1da57cb-7854-441c-8cd7-9f501cb6161d,d7717171-7fbd-45ad-887b-15874b0a0287,5dcaf339-a641-43d0-9eca-86051a601f5c,23c12685-bb63-43d2-8c19-8c555cd8f2ac,VERY_GOOD,2005,116,64,,https://en.numista.com/catalogue/note201676.html,2,2005,2
8a25e1f8-57f0-43b7-ae0b-95bcef3f6767,d7717171-7fbd-45ad-887b-15874b0a0287,5dcaf339-a641-43d0-9eca-86051a601f5c,b3fbd662-b591-4401-bc61-bb2990eea07d,VERY_GOOD,2003,140,68,elementul de siguranta rupt in partea de jos,https://en.numista.com/catalogue/note208226.html,50,,1
1fc5d848-da55-4494-ac83-57a9507a62ba,d7717171-7fbd-45ad-887b-15874b0a0287,5dcaf339-a641-43d0-9eca-86051a601f5c,f4492856-77ab-4e5b-9d9c-090722e5e7ba,VERY_GOOD,2003,156,67,invechita,https://en.numista.com/catalogue/note204582.html,5,,1
abacfb6f-94b6-4bd1-b1f7-896569d9e2d1,d7717171-7fbd-45ad-887b-15874b0a0287,5dcaf339-a641-43d0-9eca-86051a601f5c,9234cca1-c059-4873-8969-e9dcd7d301a9,VERY_GOOD,1989,145,70,,https://en.numista.com/catalogue/note214912.html,10000,,1
0ac43cef-0a93-4c26-90b7-52dd7ec7f231,d7717171-7fbd-45ad-887b-15874b0a0287,5dcaf339-a641-43d0-9eca-86051a601f5c,82dd310c-6c76-4478-8898-dd0a6818f3a3,VERY_GOOD,1995,156,69,,https://en.numista.com/catalogue/note204523.html,10,,1
57aebddc-a574-4d88-876c-8c6ad86cd4a2,d7717171-7fbd-45ad-887b-15874b0a0287,5dcaf339-a641-43d0-9eca-86051a601f5c,9234cca1-c059-4873-8969-e9dcd7d301a9,VERY_GOOD,2003,155,65,,https://en.numista.com/catalogue/note203840.html,100,,1
f5aa245a-69df-473e-9ee3-f8033791a38a,d7717171-7fbd-45ad-887b-15874b0a0287,cdf11bc5-4be6-444c-82a2-f287917c9d6d,a0040b59-553f-4788-bdcd-a63cce7f5d66,VERY_GOOD,1988,156,67,,https://en.numista.com/catalogue/note201805.html,1,2013,2
686f85f5-42de-4969-8c1a-f0a7ff1857fd,d7717171-7fbd-45ad-887b-15874b0a0287,5dcaf339-a641-43d0-9eca-86051a601f5c,7050a2a2-7637-400a-a749-d37473225693,VERY_GOOD,1910,207,102,,https://en.numista.com/catalogue/note203319.html,100,,1
06c73217-90d2-4eef-8e28-032b2c78947e,d7717171-7fbd-45ad-887b-15874b0a0287,5dcaf339-a641-43d0-9eca-86051a601f5c,08c0f8ac-ee32-459a-bed3-39f05ee86b32,VERY_GOOD,1943,201,113,a scris cineva cu creionul pe spate,https://en.numista.com/catalogue/note206921.html,2000,,1
ce15a5fd-9e75-49a0-82e2-02f1a71bcba2,d7717171-7fbd-45ad-887b-15874b0a0287,5dcaf339-a641-43d0-9eca-86051a601f5c,433274c2-725d-4629-9f35-2de2951b2592,VERY_GOOD,2014,139,66,,https://en.numista.com/catalogue/note204328.html,50,,1
fe8a7d62-5886-4c3b-8402-ede02984c8c3,d7717171-7fbd-45ad-887b-15874b0a0287,5dcaf339-a641-43d0-9eca-86051a601f5c,433274c2-725d-4629-9f35-2de2951b2592,VERY_GOOD,2013,143,68,,https://en.numista.com/catalogue/note204329.html,100,,1
a47a4e46-458a-42d6-8048-3ae714fecb4a,d7717171-7fbd-45ad-887b-15874b0a0287,5dcaf339-a641-43d0-9eca-86051a601f5c,7050a2a2-7637-400a-a749-d37473225693,VERY_GOOD,1929,160,80,,https://en.numista.com/catalogue/note204645.html,20,,1
43b054c7-a49b-4185-b71b-10eeaa1724b1,d7717171-7fbd-45ad-887b-15874b0a0287,5dcaf339-a641-43d0-9eca-86051a601f5c,a0040b59-553f-4788-bdcd-a63cce7f5d66,VERY_GOOD,1995,156,67,,https://en.numista.com/catalogue/note201812.html,2,,1
5d2c5d50-3282-41d2-9a9e-68d70d7d8302,d7717171-7fbd-45ad-887b-15874b0a0287,5dcaf339-a641-43d0-9eca-86051a601f5c,f8cb6e4d-482c-44b2-a83a-75c2cf74f0f4,VERY_GOOD,2013,150,70,,https://en.numista.com/catalogue/note212968.html,500,,1
506e3442-fa66-4bb3-b806-91e784fe6395,d7717171-7fbd-45ad-887b-15874b0a0287,5dcaf339-a641-43d0-9eca-86051a601f5c,29c13186-6b21-42d1-a60d-746a473a2218,VERY_GOOD,1986,154,74,,https://en.numista.com/catalogue/note206080.html,50,,1
cbf812f7-f178-4bd8-a74e-395da8143c8c,d7717171-7fbd-45ad-887b-15874b0a0287,5dcaf339-a641-43d0-9eca-86051a601f5c,ca0a53ae-1704-4961-a12e-179dc11097ab,VERY_GOOD,1992,140,70,,https://en.numista.com/catalogue/note202949.html,2,,1
71b65c70-7790-41cc-bb68-1f9416b6360a,d7717171-7fbd-45ad-887b-15874b0a0287,5dcaf339-a641-43d0-9eca-86051a601f5c,b3fbd662-b591-4401-bc61-bb2990eea07d,VERY_GOOD,2020,120,70,,https://en.numista.com/catalogue/note204030.html,5,,1
4ec42b4d-271d-4438-b5eb-974bd5c1c15e,d7717171-7fbd-45ad-887b-15874b0a0287,5dcaf339-a641-43d0-9eca-86051a601f5c,f8cb6e4d-482c-44b2-a83a-75c2cf74f0f4,VERY_GOOD,1993,140,75,rupta in 2x locuri,https://en.numista.com/catalogue/note204378.html,20,,1
11967654-d4c2-464c-aa39-21e632e40190,d7717171-7fbd-45ad-887b-15874b0a0287,5dcaf339-a641-43d0-9eca-86051a601f5c,f3c2b8e5-84e7-4379-b00b-bde9a75f04c8,VERY_GOOD,1983,158,72,,https://en.numista.com/catalogue/note205994.html,500,,1
2a4071e1-e0c2-42d3-a409-d3c2ffe83f12,d7717171-7fbd-45ad-887b-15874b0a0287,5dcaf339-a641-43d0-9eca-86051a601f5c,13bc64de-13c6-4dc5-8387-7e12001b476c,VERY_GOOD,1970,140,72,,https://en.numista.com/catalogue/note206364.html,1000,,1
d8728d9f-8bcf-4197-b266-f57f96d44bc2,d7717171-7fbd-45ad-887b-15874b0a0287,5dcaf339-a641-43d0-9eca-86051a601f5c,152ad2dc-43e2-4261-99ec-725cdc62958a,VERY_GOOD,2014,134,70,,https://en.numista.com/catalogue/note203853.html,20,,1
84654d5f-230b-45fb-b7fe-24f28a49ceea,d7717171-7fbd-45ad-887b-15874b0a0287,5dcaf339-a641-43d0-9eca-86051a601f5c,d92d3021-8806-4925-bfc9-55c9d934df0f,VERY_GOOD,1982,138,63,,https://en.numista.com/catalogue/note203926.html,100,,1
f88e5f7a-fd41-4161-9fc0-f3cae4904884,d7717171-7fbd-45ad-887b-15874b0a0287,5dcaf339-a641-43d0-9eca-86051a601f5c,f8cb6e4d-482c-44b2-a83a-75c2cf74f0f4,VERY_GOOD,1992,123,80,,https://en.numista.com/catalogue/note201000.html,50,,1
3b925da5-3c96-43a0-90f9-4719860bd567,d7717171-7fbd-45ad-887b-15874b0a0287,5dcaf339-a641-43d0-9eca-86051a601f5c,9b2bb5af-8754-4f58-bb80-abea017a0158,VERY_GOOD,2008,120,66,,https://en.numista.com/catalogue/note202670.html,20,,1
765ad8ff-5902-4dd7-be41-a7363de78a23,d7717171-7fbd-45ad-887b-15874b0a0287,5dcaf339-a641-43d0-9eca-86051a601f5c,3504d39e-082c-4a4b-81b3-a004f350e641,VERY_GOOD,1968,128,62,"e rau, manca-ti-as :)))",https://en.numista.com/catalogue/note205706.html,1,,1
c58b4571-f098-4ad4-a6b9-301ac5e6daa6,d7717171-7fbd-45ad-887b-15874b0a0287,5dcaf339-a641-43d0-9eca-86051a601f5c,3b3e1c7a-2b55-4d9f-8c1e-7a4d3f9b2e41,VERY_GOOD,1987,140,67,Canadian Tire 5 cent,https://en.numista.com/catalogue/exonumia274110.html,5,,1
276d8d05-1421-426c-9a01-08014403dd91,d7717171-7fbd-45ad-887b-15874b0a0287,5dcaf339-a641-43d0-9eca-86051a601f5c,3b3e1c7a-2b55-4d9f-8c1e-7a4d3f9b2e41,VERY_GOOD,1992,140,67,Canadian Tire 5 cent,https://en.numista.com/catalogue/exonumia217522.html,5,,1
b0a1044a-88c9-4620-a9f3-54d1bd86af7a,d7717171-7fbd-45ad-887b-15874b0a0287,5dcaf339-a641-43d0-9eca-86051a601f5c,3b3e1c7a-2b55-4d9f-8c1e-7a4d3f9b2e41,VERY_GOOD,1992,140,67,Canadian Tire 10 cent,https://en.numista.com/catalogue/exonumia233130.html,10,1996,1
4e399a4c-0d22-400b-9bc9-377b471a1da1,d7717171-7fbd-45ad-887b-15874b0a0287,5dcaf339-a641-43d0-9eca-86051a601f5c,3b3e1c7a-2b55-4d9f-8c1e-7a4d3f9b2e41,VERY_GOOD,1985,140,67,Canadian Tire 10 cent,https://en.numista.com/catalogue/exonumia329720.html,10,,1
f7c8a37e-0284-414c-b0e3-b513399b357b,d7717171-7fbd-45ad-887b-15874b0a0287,5dcaf339-a641-43d0-9eca-86051a601f5c,3b3e1c7a-2b55-4d9f-8c1e-7a4d3f9b2e41,VERY_GOOD,1962,140,67,Canadian Tire 10 cent - cu spate verde though,https://www.bankofcanadamuseum.ca/collection/artefact/view/1968.0249.00009.000/canada-canadian-tire-corporation-ltd-10-cents-1962,10,,1
ec90bebc-16dc-45c7-bdae-621808fe5e9e,d7717171-7fbd-45ad-887b-15874b0a0287,35da2f5a-1a21-4987-a4d9-ea748641b675,9e946642-458e-4ebc-8808-d3e10c2681ed,VERY_GOOD,2020,135,62,,https://en.numista.com/catalogue/note280476.html,10,,1
2f035c09-be99-45a6-8101-65f21d5cbe26,d7717171-7fbd-45ad-887b-15874b0a0287,35da2f5a-1a21-4987-a4d9-ea748641b675,08c0f8ac-ee32-459a-bed3-39f05ee86b32,VERY_GOOD,2021,136,77,,https://en.numista.com/catalogue/note312374.html,20,,101
82ed541c-bd71-4085-b95f-795d7661e4c8,d7717171-7fbd-45ad-887b-15874b0a0287,35da2f5a-1a21-4987-a4d9-ea748641b675,08c0f8ac-ee32-459a-bed3-39f05ee86b32,VERY_GOOD,1999,143,63,,https://en.numista.com/catalogue/note201590.html,2000,,12
0f8f65c8-ba6d-41cf-b5f2-f2fb86deaead,d7717171-7fbd-45ad-887b-15874b0a0287,35da2f5a-1a21-4987-a4d9-ea748641b675,08c0f8ac-ee32-459a-bed3-39f05ee86b32,VERY_GOOD,2000,150,67,,https://en.numista.com/catalogue/note202531.html,10000,,1
20b60076-c91e-44b4-ab6d-2fc8e957e524,d7717171-7fbd-45ad-887b-15874b0a0287,35da2f5a-1a21-4987-a4d9-ea748641b675,08c0f8ac-ee32-459a-bed3-39f05ee86b32,VERY_GOOD,2001,155,70,,https://en.numista.com/catalogue/note202779.html,50000,,2
5ce45518-c3ff-4300-b62f-4d60e5f8e61e,d7717171-7fbd-45ad-887b-15874b0a0287,35da2f5a-1a21-4987-a4d9-ea748641b675,08c0f8ac-ee32-459a-bed3-39f05ee86b32,VERY_GOOD,2001,160,73,,https://en.numista.com/catalogue/note202781.html,100000,,1
1ceb3f29-980b-4677-b193-796b83b9353d,d7717171-7fbd-45ad-887b-15874b0a0287,5dcaf339-a641-43d0-9eca-86051a601f5c,82dd310c-6c76-4478-8898-dd0a6818f3a3,VERY_GOOD,1989,156,69,destul de veche,https://en.numista.com/catalogue/note204100.html,5,,2
eb78e50d-e051-4cec-a1fe-c9ef3bab06ac,d7717171-7fbd-45ad-887b-15874b0a0287,5dcaf339-a641-43d0-9eca-86051a601f5c,08c0f8ac-ee32-459a-bed3-39f05ee86b32,VERY_GOOD,1966,124,62,,https://en.numista.com/catalogue/note205768.html,5,,2
5881ade8-a7ad-4f96-8656-d2b07884f6ac,d7717171-7fbd-45ad-887b-15874b0a0287,5dcaf339-a641-43d0-9eca-86051a601f5c,08c0f8ac-ee32-459a-bed3-39f05ee86b32,VERY_GOOD,1966,131,65,,https://en.numista.com/catalogue/note205769.html,10,,3
2b6a8dd7-236a-45db-aa7b-cc4b49ed065f,d7717171-7fbd-45ad-887b-15874b0a0287,5dcaf339-a641-43d0-9eca-86051a601f5c,08c0f8ac-ee32-459a-bed3-39f05ee86b32,VERY_GOOD,1966,140,70,destul de veche,https://en.numista.com/catalogue/note204598.html,25,,1
2630419d-c30d-44da-930f-175780210ae8,d7717171-7fbd-45ad-887b-15874b0a0287,5dcaf339-a641-43d0-9eca-86051a601f5c,08c0f8ac-ee32-459a-bed3-39f05ee86b32,VERY_GOOD,1966,145,72,,https://en.numista.com/catalogue/note205770.html,50,,2
90848ebb-6837-4574-b6f6-b56e4a7a1a76,d7717171-7fbd-45ad-887b-15874b0a0287,5dcaf339-a641-43d0-9eca-86051a601f5c,08c0f8ac-ee32-459a-bed3-39f05ee86b32,VERY_GOOD,1966,153,75,toate foarte firave,https://en.numista.com/catalogue/note205771.html,100,,4
9d1faade-5bbb-4cd4-b60b-c174f808a82c,d7717171-7fbd-45ad-887b-15874b0a0287,5dcaf339-a641-43d0-9eca-86051a601f5c,08c0f8ac-ee32-459a-bed3-39f05ee86b32,VERY_GOOD,1947,182,88,,https://en.numista.com/catalogue/note205762.html,100000,,1
80d876ce-ec9c-47d1-82d3-eb9e9fe6dd18,d7717171-7fbd-45ad-887b-15874b0a0287,5dcaf339-a641-43d0-9eca-86051a601f5c,08c0f8ac-ee32-459a-bed3-39f05ee86b32,VERY_GOOD,1998,140,61,unele lipicioase :(,https://en.numista.com/catalogue/note204595.html,1000,,8
b1454f8b-8d25-4631-8e3f-6070265876ac,d7717171-7fbd-45ad-887b-15874b0a0287,5dcaf339-a641-43d0-9eca-86051a601f5c,08c0f8ac-ee32-459a-bed3-39f05ee86b32,VERY_GOOD,1998,145,64,,https://en.numista.com/catalogue/note204592.html,5000,,2
76344b89-3ea5-41fe-8198-08997e941351,d7717171-7fbd-45ad-887b-15874b0a0287,5dcaf339-a641-43d0-9eca-86051a601f5c,08c0f8ac-ee32-459a-bed3-39f05ee86b32,VERY_GOOD,1999,150,67,,https://en.numista.com/catalogue/note202797.html,10000,,1
52916872-5fed-4508-b374-524476c88971,d7717171-7fbd-45ad-887b-15874b0a0287,5dcaf339-a641-43d0-9eca-86051a601f5c,08c0f8ac-ee32-459a-bed3-39f05ee86b32,VERY_GOOD,1992,160,76,,https://en.numista.com/catalogue/note204438.html,500,,6
00f626d5-d42f-44f1-b9be-fa6794dda07c,d7717171-7fbd-45ad-887b-15874b0a0287,5dcaf339-a641-43d0-9eca-86051a601f5c,08c0f8ac-ee32-459a-bed3-39f05ee86b32,VERY_GOOD,1991,157,75,,https://en.numista.com/catalogue/note205411.html,500,,1
7efc2c46-b957-4a29-9930-1f5e9c3e7afc,d7717171-7fbd-45ad-887b-15874b0a0287,5dcaf339-a641-43d0-9eca-86051a601f5c,08c0f8ac-ee32-459a-bed3-39f05ee86b32,VERY_GOOD,1991,167,75,,https://en.numista.com/catalogue/note206889.html,1000,,1
e39967cf-e91d-4aac-9750-ba2339ae66f3,d7717171-7fbd-45ad-887b-15874b0a0287,5dcaf339-a641-43d0-9eca-86051a601f5c,08c0f8ac-ee32-459a-bed3-39f05ee86b32,VERY_GOOD,1993,172,77,una e rea,https://en.numista.com/catalogue/note201963.html,5000,1992,3
5c5d6915-7ef1-4c62-b869-c72e85fdad74,d7717171-7fbd-45ad-887b-15874b0a0287,5dcaf339-a641-43d0-9eca-86051a601f5c,08c0f8ac-ee32-459a-bed3-39f05ee86b32,VERY_GOOD,1994,180,77,,https://en.numista.com/catalogue/note206802.html,10000,,1
aa9eea62-4b67-461d-9f49-00beedaa46e7,d7717171-7fbd-45ad-887b-15874b0a0287,5dcaf339-a641-43d0-9eca-86051a601f5c,7050a2a2-7637-400a-a749-d37473225693,VERY_GOOD,1937,125,70,rupta rau pe margini,https://en.numista.com/catalogue/note203658.html,2,,1
99a53dd2-8d6f-4f70-8c3f-63a902082095,d7717171-7fbd-45ad-887b-15874b0a0287,5dcaf339-a641-43d0-9eca-86051a601f5c,ca36fc6c-3b2e-4ea5-bebf-63620fcdc9c9,VERY_GOOD,1917,124,84,gaurita cu tigareta in dreptul semnaturii secretarului general,https://en.numista.com/catalogue/note202742.html,2,,1
56181d46-dc31-4344-9419-1bf71363860b,d7717171-7fbd-45ad-887b-15874b0a0287,5dcaf339-a641-43d0-9eca-86051a601f5c,08c0f8ac-ee32-459a-bed3-39f05ee86b32,VERY_GOOD,1945,166,91,,https://en.numista.com/catalogue/note206915.html,5000,,1
224db764-dfd5-4d6e-a5dc-85d2e87e2cfc,d7717171-7fbd-45ad-887b-15874b0a0287,5dcaf339-a641-43d0-9eca-86051a601f5c,433274c2-725d-4629-9f35-2de2951b2592,VERY_GOOD,1978,131,63,,https://en.numista.com/catalogue/note202011.html,10,,1
fa5b1abe-8e0d-474f-b8c2-e1d0f2278148,d7717171-7fbd-45ad-887b-15874b0a0287,5dcaf339-a641-43d0-9eca-86051a601f5c,433274c2-725d-4629-9f35-2de2951b2592,VERY_GOOD,1978,140,66,,https://en.numista.com/catalogue/note203458.html,50,,1
92415ea8-6da9-42c4-b9f8-9557840f43dc,d7717171-7fbd-45ad-887b-15874b0a0287,5dcaf339-a641-43d0-9eca-86051a601f5c,433274c2-725d-4629-9f35-2de2951b2592,VERY_GOOD,1986,148,70,,https://en.numista.com/catalogue/note206237.html,100,,2
f20a9dd8-2e0e-42b4-bf39-1c2a0b8deea2,d7717171-7fbd-45ad-887b-15874b0a0287,5dcaf339-a641-43d0-9eca-86051a601f5c,433274c2-725d-4629-9f35-2de2951b2592,VERY_GOOD,1970,155,74,,https://en.numista.com/catalogue/note205329.html,500,,1
51e2222f-1e42-43e4-9a99-6d451cc4716c,d7717171-7fbd-45ad-887b-15874b0a0287,5dcaf339-a641-43d0-9eca-86051a601f5c,433274c2-725d-4629-9f35-2de2951b2592,VERY_GOOD,1990,139,66,,https://en.numista.com/catalogue/note206188.html,10,,1
d99b0d2c-b2a7-4325-b13c-25b60cad701e,d7717171-7fbd-45ad-887b-15874b0a0287,5dcaf339-a641-43d0-9eca-86051a601f5c,433274c2-725d-4629-9f35-2de2951b2592,VERY_GOOD,1990,147,70,,https://en.numista.com/catalogue/note204353.html,50,,1
7d8e9ab7-be5f-4e1d-8d3d-e9068cc4ff51,d7717171-7fbd-45ad-887b-15874b0a0287,5dcaf339-a641-43d0-9eca-86051a601f5c,433274c2-725d-4629-9f35-2de2951b2592,VERY_GOOD,1985,165,75,,https://en.numista.com/catalogue/note204493.html,5000,,1
9fed523c-1738-48a6-8ccf-36cfe3e098ad,d7717171-7fbd-45ad-887b-15874b0a0287,5dcaf339-a641-43d0-9eca-86051a601f5c,433274c2-725d-4629-9f35-2de2951b2592,VERY_GOOD,1987,169,77,,https://en.numista.com/catalogue/note205427.html,20000,,3
f87e925a-6cdb-4c35-b0c5-dccae2930513,d7717171-7fbd-45ad-887b-15874b0a0287,5dcaf339-a641-43d0-9eca-86051a601f5c,3f4aabf6-6d54-435d-9fd2-3d47a47f7561,VERY_GOOD,1961,105,53,deteriorata rau,https://en.numista.com/catalogue/note204573.html,1,,1
f43e6354-1488-4148-993d-0c9a98b5b95d,d7717171-7fbd-45ad-887b-15874b0a0287,5dcaf339-a641-43d0-9eca-86051a601f5c,3f4aabf6-6d54-435d-9fd2-3d47a47f7561,VERY_GOOD,1961,114,57,,https://en.numista.com/catalogue/note204574.html,3,,1
edf51f94-c80e-414f-991b-17f32f94c3a5,d7717171-7fbd-45ad-887b-15874b0a0287,5dcaf339-a641-43d0-9eca-86051a601f5c,3f4aabf6-6d54-435d-9fd2-3d47a47f7561,VERY_GOOD,1961,114,57,,https://en.numista.com/catalogue/note204497.html,5,,2
5f968fe9-f6dc-4278-9491-b86a4a72c634,d7717171-7fbd-45ad-887b-15874b0a0287,5dcaf339-a641-43d0-9eca-86051a601f5c,3f4aabf6-6d54-435d-9fd2-3d47a47f7561,VERY_GOOD,1961,119,60,,https://en.numista.com/catalogue/note204577.html,10,,1
d5880579-173c-456e-90d4-e49019d17938,d7717171-7fbd-45ad-887b-15874b0a0287,5dcaf339-a641-43d0-9eca-86051a601f5c,3f4aabf6-6d54-435d-9fd2-3d47a47f7561,VERY_GOOD,1961,121,62,,https://en.numista.com/catalogue/note202408.html,25,,1
f0788bc9-2c06-4e8a-908a-26c7b875954b,d7717171-7fbd-45ad-887b-15874b0a0287,5dcaf339-a641-43d0-9eca-86051a601f5c,08c0f8ac-ee32-459a-bed3-39f05ee86b32,VERY_GOOD,2010,114,58,,https://en.numista.com/catalogue/note202816.html,1,2006,5
0f23beee-1e41-4f2b-9d5d-c7b052244790,d7717171-7fbd-45ad-887b-15874b0a0287,5dcaf339-a641-43d0-9eca-86051a601f5c,08c0f8ac-ee32-459a-bed3-39f05ee86b32,VERY_GOOD,2013,114,58,,https://en.numista.com/catalogue/note203083.html,5,,1
0377ad25-0d63-403f-b539-784669c578ad,d7717171-7fbd-45ad-887b-15874b0a0287,5dcaf339-a641-43d0-9eca-86051a601f5c,08c0f8ac-ee32-459a-bed3-39f05ee86b32,VERY_GOOD,2015,121,61,,https://en.numista.com/catalogue/note202336.html,10,,1
e8595c8e-76b0-4c41-9119-6cc217a3e333,d7717171-7fbd-45ad-887b-15874b0a0287,5dcaf339-a641-43d0-9eca-86051a601f5c,08c0f8ac-ee32-459a-bed3-39f05ee86b32,VERY_GOOD,2015,121,61,,https://en.numista.com/catalogue/note215899.html,20,,1
851a4150-836c-4c04-b090-140ff27f6d6a,d7717171-7fbd-45ad-887b-15874b0a0287,5dcaf339-a641-43d0-9eca-86051a601f5c,08c0f8ac-ee32-459a-bed3-39f05ee86b32,VERY_GOOD,2015,121,61,,https://en.numista.com/catalogue/note215902.html,50,,1
3701b6d6-d5c1-46dd-9918-be5c492ee01a,d7717171-7fbd-45ad-887b-15874b0a0287,5dcaf339-a641-43d0-9eca-86051a601f5c,08c0f8ac-ee32-459a-bed3-39f05ee86b32,VERY_GOOD,2008,121,61,,https://en.numista.com/catalogue/note203091.html,100,,1
064d8e59-6e45-49a4-a311-7d25f49c4408,d7717171-7fbd-45ad-887b-15874b0a0287,5dcaf339-a641-43d0-9eca-86051a601f5c,c0cd23fc-8a38-4348-8c13-507a1315b618,VERY_GOOD,1993,166,72,,https://en.numista.com/catalogue/note207270.html,100,1989,2
d1fdca18-6288-447d-897f-436856d65b5c,d7717171-7fbd-45ad-887b-15874b0a0287,5dcaf339-a641-43d0-9eca-86051a601f5c,c0cd23fc-8a38-4348-8c13-507a1315b618,VERY_GOOD,2006,154,70,,https://en.numista.com/catalogue/note201884.html,200,,1
0005d0db-c6d1-4e73-8b5b-a34782e26cac,d7717171-7fbd-45ad-887b-15874b0a0287,5dcaf339-a641-43d0-9eca-86051a601f5c,c0cd23fc-8a38-4348-8c13-507a1315b618,VERY_GOOD,2008,154,70,,https://en.numista.com/catalogue/note208459.html,500,,1
17daf9ac-8630-4696-a5c1-940a662dc9e5,d7717171-7fbd-45ad-887b-15874b0a0287,5dcaf339-a641-43d0-9eca-86051a601f5c,b3fbd662-b591-4401-bc61-bb2990eea07d,VERY_GOOD,2006,123,65,,https://en.numista.com/catalogue/note211571.html,20,,1
4d344abe-afe0-4919-9a54-061a28147e30,d7717171-7fbd-45ad-887b-15874b0a0287,5dcaf339-a641-43d0-9eca-86051a601f5c,b3fbd662-b591-4401-bc61-bb2990eea07d,VERY_GOOD,2012,137,63,,https://en.numista.com/catalogue/note203074.html,10,,1
ed7b474c-1967-462d-9ea6-7bec01cffea4,d7717171-7fbd-45ad-887b-15874b0a0287,5dcaf339-a641-43d0-9eca-86051a601f5c,b3fbd662-b591-4401-bc61-bb2990eea07d,VERY_GOOD,2012,147,73,,https://en.numista.com/catalogue/note202323.html,50,,1
28986d8a-98ba-4676-bc55-d5670fd87cad,d7717171-7fbd-45ad-887b-15874b0a0287,5dcaf339-a641-43d0-9eca-86051a601f5c,b3fbd662-b591-4401-bc61-bb2990eea07d,VERY_GOOD,2015,128,67,,https://en.numista.com/catalogue/note203329.html,20,2016-2017,3
bdab6e01-3371-4200-9e3f-ba4185489ee6,d7717171-7fbd-45ad-887b-15874b0a0287,5dcaf339-a641-43d0-9eca-86051a601f5c,91d53418-fcbb-4201-9226-700cd93d995a,VERY_GOOD,2001,130,60,,https://en.numista.com/catalogue/note202798.html,100,,1
ad8a8b2f-1271-4969-91a9-c035bdf1b1cf,d7717171-7fbd-45ad-887b-15874b0a0287,5dcaf339-a641-43d0-9eca-86051a601f5c,63844bff-bbb7-417b-a0e3-432a2d7654e0,VERY_GOOD,1996,130,60,,https://en.numista.com/catalogue/note207721.html,5,,1
485b61ab-e328-496b-a8f8-ca58eba56a38,d7717171-7fbd-45ad-887b-15874b0a0287,5dcaf339-a641-43d0-9eca-86051a601f5c,cbdfaa1b-d427-4ae4-8857-9c9db5018829,VERY_GOOD,2003,138,72,,https://en.numista.com/catalogue/note202122.html,20,,1
69957398-dd4b-4dd8-abe3-52ca755b8427,d7717171-7fbd-45ad-887b-15874b0a0287,5dcaf339-a641-43d0-9eca-86051a601f5c,cbdfaa1b-d427-4ae4-8857-9c9db5018829,VERY_GOOD,2013,138,72,,https://en.numista.com/catalogue/note204487.html,20,,1
c16e431c-c103-4e60-b5aa-d75185ab196f,d7717171-7fbd-45ad-887b-15874b0a0287,5dcaf339-a641-43d0-9eca-86051a601f5c,f01e6f7a-0a58-4966-a2e8-e7dd7578539b,VERY_GOOD,2001,143,60,,https://en.numista.com/catalogue/note209804.html,5,,1
7571b253-f533-43e2-8293-6f3d7c6f23e8,d7717171-7fbd-45ad-887b-15874b0a0287,5dcaf339-a641-43d0-9eca-86051a601f5c,3504d39e-082c-4a4b-81b3-a004f350e641,VERY_GOOD,2003,134,66,,https://en.numista.com/catalogue/note202976.html,1,,1
9ff55e3d-9f43-403f-9161-43f366ce014b,d7717171-7fbd-45ad-887b-15874b0a0287,5dcaf339-a641-43d0-9eca-86051a601f5c,3504d39e-082c-4a4b-81b3-a004f350e641,VERY_GOOD,1984,134,62,,https://en.numista.com/catalogue/note204099.html,1,,1
f6f35ff5-44d1-4086-bb16-e5b09563c3ce,d7717171-7fbd-45ad-887b-15874b0a0287,5dcaf339-a641-43d0-9eca-86051a601f5c,04ca5952-2dd7-44f6-8922-7d68f1b0738a,VERY_GOOD,2002,136,56,,https://en.numista.com/catalogue/note202106.html,10,1381,1
4e8a68ea-21cf-4924-b7c4-65aa5a2aa538,d7717171-7fbd-45ad-887b-15874b0a0287,5dcaf339-a641-43d0-9eca-86051a601f5c,433274c2-725d-4629-9f35-2de2951b2592,VERY_GOOD,2008,137,70,,https://en.numista.com/catalogue/note208881.html,5,,1
9c4b1133-a316-47ca-9e93-ab9484b958c1,d7717171-7fbd-45ad-887b-15874b0a0287,5dcaf339-a641-43d0-9eca-86051a601f5c,903717b5-f56d-4088-8edc-3dfdd46c8988,VERY_GOOD,2013,115,60,,https://en.numista.com/catalogue/note206844.html,1000,,1
aa976334-f512-4137-9af3-06eadb3ec450,d7717171-7fbd-45ad-887b-15874b0a0287,5dcaf339-a641-43d0-9eca-86051a601f5c,433274c2-725d-4629-9f35-2de2951b2592,VERY_GOOD,2004,142,70,,https://en.numista.com/catalogue/note201697.html,1,,1
96bff1e6-3d32-48ca-8250-ffde7ca632bb,d7717171-7fbd-45ad-887b-15874b0a0287,5dcaf339-a641-43d0-9eca-86051a601f5c,f8d62257-722b-4b14-b957-d1cb84aa6d9d,VERY_GOOD,2001,150,77,,https://en.numista.com/catalogue/note206598.html,50,2005,1
e4f05bbf-7a9f-46f5-90c8-f94ab7d738c2,d7717171-7fbd-45ad-887b-15874b0a0287,5dcaf339-a641-43d0-9eca-86051a601f5c,3f4199a4-fa50-4dbe-a75f-c155ff73b6a1,VERY_GOOD,2003,135,70,,https://en.numista.com/catalogue/note209798.html,50,,1
5d106842-261a-43fa-831e-16024f231e51,d7717171-7fbd-45ad-887b-15874b0a0287,5dcaf339-a641-43d0-9eca-86051a601f5c,3f4199a4-fa50-4dbe-a75f-c155ff73b6a1,VERY_GOOD,1999,130,71,,https://en.numista.com/catalogue/note204738.html,25,,1
2683ccc0-0dbd-4e3b-8e49-d19ec35f434f,d7717171-7fbd-45ad-887b-15874b0a0287,5dcaf339-a641-43d0-9eca-86051a601f5c,864b5c43-fa79-4c46-acc0-bbc31453e048,VERY_GOOD,2013,118,63,,https://en.numista.com/catalogue/note202693.html,2,,1
e27a4fcd-1da1-4c8a-a3cc-e2ed91c1f554,d7717171-7fbd-45ad-887b-15874b0a0287,5dcaf339-a641-43d0-9eca-86051a601f5c,864b5c43-fa79-4c46-acc0-bbc31453e048,VERY_GOOD,2005,118,63,,https://en.numista.com/catalogue/note202690.html,5,,1
75708c59-bbf7-4ad2-bd8c-d13f87fc4007,d7717171-7fbd-45ad-887b-15874b0a0287,5dcaf339-a641-43d0-9eca-86051a601f5c,864b5c43-fa79-4c46-acc0-bbc31453e048,VERY_GOOD,2006,124,66,,https://en.numista.com/catalogue/note202679.html,10,,1
15f146e4-6c49-4d8e-bf32-2e08c3bf7c14,d7717171-7fbd-45ad-887b-15874b0a0287,5dcaf339-a641-43d0-9eca-86051a601f5c,864b5c43-fa79-4c46-acc0-bbc31453e048,VERY_GOOD,2004,136,72,,https://en.numista.com/catalogue/note202240.html,50,,1
5c45518f-a015-404e-8d87-2d4c634b95cd,d7717171-7fbd-45ad-887b-15874b0a0287,5dcaf339-a641-43d0-9eca-86051a601f5c,117156fa-af94-4148-b5fa-943f7d5da249,VERY_GOOD,1991,105,53,,https://en.numista.com/catalogue/note203606.html,1,,1
129fd61a-c5a1-43ec-a49a-b5625714eb16,d7717171-7fbd-45ad-887b-15874b0a0287,5dcaf339-a641-43d0-9eca-86051a601f5c,117156fa-af94-4148-b5fa-943f7d5da249,VERY_GOOD,1991,105,53,,https://en.numista.com/catalogue/note203607.html,3,,1
8278cf8b-a147-44a0-a302-3d60a091a431,d7717171-7fbd-45ad-887b-15874b0a0287,5dcaf339-a641-43d0-9eca-86051a601f5c,117156fa-af94-4148-b5fa-943f7d5da249,VERY_GOOD,1991,105,53,,https://en.numista.com/catalogue/note203608.html,5,,1
324128a6-b268-4dc9-996c-6adc025060bc,d7717171-7fbd-45ad-887b-15874b0a0287,5dcaf339-a641-43d0-9eca-86051a601f5c,117156fa-af94-4148-b5fa-943f7d5da249,VERY_GOOD,1991,105,53,,https://en.numista.com/catalogue/note203609.html,10,,1
fbd540ac-6f79-4a99-8537-1c0c8d694fa2,d7717171-7fbd-45ad-887b-15874b0a0287,5dcaf339-a641-43d0-9eca-86051a601f5c,117156fa-af94-4148-b5fa-943f7d5da249,VERY_GOOD,1991,105,53,,https://en.numista.com/catalogue/note203610.html,25,,1
b8cfbc2b-8166-4339-976b-649a05b62be7,d7717171-7fbd-45ad-887b-15874b0a0287,5dcaf339-a641-43d0-9eca-86051a601f5c,44cde2c2-d3c2-470b-ada3-864ac55f5584,VERY_GOOD,1988,133,65,,https://en.numista.com/catalogue/note202012.html,2000,,1
d804cf67-85c2-43d4-b5c8-a72954c8f3ad,d7717171-7fbd-45ad-887b-15874b0a0287,5dcaf339-a641-43d0-9eca-86051a601f5c,44cde2c2-d3c2-470b-ada3-864ac55f5584,VERY_GOOD,1991,134,64,,https://en.numista.com/catalogue/note204511.html,5000,,3
74c966aa-16ad-42e1-bd1a-6b29bef010e8,d7717171-7fbd-45ad-887b-15874b0a0287,5dcaf339-a641-43d0-9eca-86051a601f5c,433274c2-725d-4629-9f35-2de2951b2592,VERY_GOOD,1992,151,72,,https://en.numista.com/catalogue/note206076.html,100,,1
2ecb4c2a-2aa7-45bc-b4af-e077f21f52dd,d7717171-7fbd-45ad-887b-15874b0a0287,5dcaf339-a641-43d0-9eca-86051a601f5c,433274c2-725d-4629-9f35-2de2951b2592,VERY_GOOD,1992,163,78,,https://en.numista.com/catalogue/note206071.html,1000,,1
95f20146-e443-405b-a1db-027d11985982,d7717171-7fbd-45ad-887b-15874b0a0287,5dcaf339-a641-43d0-9eca-86051a601f5c,44cde2c2-d3c2-470b-ada3-864ac55f5584,VERY_GOOD,1987,130,65,,https://en.numista.com/catalogue/note203812.html,200,,2
945542f7-afc1-4af8-8679-4a50f8132c60,d7717171-7fbd-45ad-887b-15874b0a0287,35da2f5a-1a21-4987-a4d9-ea748641b675,44cde2c2-d3c2-470b-ada3-864ac55f5584,VERY_GOOD,2006,137.5,66,,https://en.numista.com/catalogue/note204743.html,20000,,1
d9e4af01-c806-4e46-8609-3d62391bf531,d7717171-7fbd-45ad-887b-15874b0a0287,35da2f5a-1a21-4987-a4d9-ea748641b675,44cde2c2-d3c2-470b-ada3-864ac55f5584,VERY_GOOD,2014,132,60,,https://en.numista.com/catalogue/note203627.html,10000,,1

